region,year,n
Albania,1960,1608800
Andorra,1960,13411
Austria,1960,7047539
Belgium,1960,9153489
Bulgaria,1960,7867374
Bosnia and Herzegovina,1960,3225668
Switzerland,1960,5327827
Cyprus,1960,572930
Czech Republic,1960,9602006
Germany,1960,72814900
Denmark,1960,4579603
Spain,1960,30455000
Estonia,1960,1211537
Finland,1960,4429634
France,1960,46621669
United Kingdom,1960,52400000
Gibraltar,1960,23420
Greece,1960,8331725
Croatia,1960,4140181
Hungary,1960,9983967
Ireland,1960,2828600
Iceland,1960,175574
Italy,1960,50199700
Liechtenstein,1960,16493
Lithuania,1960,2778550
Luxembourg,1960,313970
Latvia,1960,2120979
Monaco,1960,22452
Moldova,1960,2544000
North Macedonia,1960,1488667
Malta,1960,326550
Montenegro,1960,480579
Netherlands,1960,11486631
Norway,1960,3581239
Poland,1960,29637450
Portugal,1960,8857716
Romania,1960,18406905
Slovak Republic,1960,4068095
Slovenia,1960,1584720
Sweden,1960,7484656
Ukraine,1960,42664652
Uruguay,1960,2538643
Kosovo,1960,947000
Albania,1961,1659800
Andorra,1961,14375
Austria,1961,7086299
Belgium,1961,9183948
Bulgaria,1961,7943118
Bosnia and Herzegovina,1961,3288603
Switzerland,1961,5434294
Cyprus,1961,576395
Czech Republic,1961,9586651
Germany,1961,73377632
Denmark,1961,4611687
Spain,1961,30739250
Estonia,1961,1225077
Finland,1961,4461005
France,1961,47240543
United Kingdom,1961,52800000
Gibraltar,1961,23813
Greece,1961,8398050
Croatia,1961,4167292
Hungary,1961,10029321
Ireland,1961,2824400
Iceland,1961,179029
Italy,1961,50536350
Liechtenstein,1961,16893
Lithuania,1961,2823550
Luxembourg,1961,316845
Latvia,1961,2152681
Monaco,1961,22808
Moldova,1961,2605000
North Macedonia,1961,1507654
Malta,1961,325250
Montenegro,1961,491140
Netherlands,1961,11638712
Norway,1961,3609800
Poland,1961,29964000
Portugal,1961,8929316
Romania,1961,18555250
Slovak Republic,1961,4191667
Slovenia,1961,1594131
Sweden,1961,7519998
Ukraine,1961,43206345
Uruguay,1961,2571681
Kosovo,1961,966000
Albania,1962,1711319
Andorra,1962,15370
Austria,1962,7129864
Belgium,1962,9220578
Bulgaria,1962,8012946
Bosnia and Herzegovina,1962,3353226
Switzerland,1962,5573815
Cyprus,1962,577691
Czech Republic,1962,9624660
Germany,1962,74025784
Denmark,1962,4647727
Spain,1962,31023366
Estonia,1962,1241623
Finland,1962,4491443
France,1962,47904877
United Kingdom,1962,53250000
Gibraltar,1962,24313
Greece,1962,8448233
Croatia,1962,4196712
Hungary,1962,10061734
Ireland,1962,2836050
Iceland,1962,182378
Italy,1962,50879450
Liechtenstein,1962,17289
Lithuania,1962,2863350
Luxembourg,1962,320750
Latvia,1962,2181586
Monaco,1962,23039
Moldova,1962,2664000
North Macedonia,1962,1527111
Malta,1962,323900
Montenegro,1962,502558
Netherlands,1962,11805689
Norway,1962,3638918
Poland,1962,30308500
Portugal,1962,8993985
Romania,1962,18676550
Slovak Republic,1962,4238188
Slovenia,1962,1603649
Sweden,1962,7561588
Ukraine,1962,43752230
Uruguay,1962,2603882
Kosovo,1962,994000
Albania,1963,1762621
Andorra,1963,16412
Austria,1963,7175811
Belgium,1963,9289770
Bulgaria,1963,8078145
Bosnia and Herzegovina,1963,3417574
Switzerland,1963,5694247
Cyprus,1963,577913
Czech Republic,1963,9670685
Germany,1963,74714353
Denmark,1963,4684483
Spain,1963,31296651
Estonia,1963,1258857
Finland,1963,4523309
France,1963,48582611
United Kingdom,1963,53650000
Gibraltar,1963,24889
Greece,1963,8479625
Croatia,1963,4225675
Hungary,1963,10087947
Ireland,1963,2852650
Iceland,1963,185653
Italy,1963,51252000
Liechtenstein,1963,17719
Lithuania,1963,2898950
Luxembourg,1963,324100
Latvia,1963,2210919
Monaco,1963,23168
Moldova,1963,2720000
North Macedonia,1963,1547450
Malta,1963,322550
Montenegro,1963,513409
Netherlands,1963,11965966
Norway,1963,3666537
Poland,1963,30712000
Portugal,1963,9030355
Romania,1963,18797850
Slovak Republic,1963,4282017
Slovenia,1963,1616971
Sweden,1963,7604328
Ukraine,1963,44288608
Uruguay,1963,2635126
Kosovo,1963,1022000
Albania,1964,1814135
Andorra,1964,17469
Austria,1964,7223801
Belgium,1964,9378113
Bulgaria,1964,8144340
Bosnia and Herzegovina,1964,3478997
Switzerland,1964,5789228
Cyprus,1964,578625
Czech Republic,1964,9727804
Germany,1964,75318337
Denmark,1964,4722072
Spain,1964,31609195
Estonia,1964,1277086
Finland,1964,4548543
France,1964,49230595
United Kingdom,1964,54000000
Gibraltar,1964,25479
Greece,1964,8510429
Croatia,1964,4252876
Hungary,1964,10119835
Ireland,1964,2866550
Iceland,1964,188983
Italy,1964,51675350
Liechtenstein,1964,18168
Lithuania,1964,2935200
Luxembourg,1964,327750
Latvia,1964,2240623
Monaco,1964,23236
Moldova,1964,2774000
North Macedonia,1964,1569142
Malta,1964,321250
Montenegro,1964,521753
Netherlands,1964,12127120
Norway,1964,3694339
Poland,1964,31139450
Portugal,1964,9035365
Romania,1964,18919126
Slovak Republic,1964,4327341
Slovenia,1964,1632114
Sweden,1964,7661354
Ukraine,1964,44796964
Uruguay,1964,2665388
Kosovo,1964,1050000
Albania,1965,1864791
Andorra,1965,18549
Austria,1965,7270889
Belgium,1965,9463667
Bulgaria,1965,8204168
Bosnia and Herzegovina,1965,3535643
Switzerland,1965,5856472
Cyprus,1965,580966
Czech Republic,1965,9779358
Germany,1965,75963695
Denmark,1965,4759012
Spain,1965,31954292
Estonia,1965,1294566
Finland,1965,4563732
France,1965,49818028
United Kingdom,1965,54348050
Gibraltar,1965,26073
Greece,1965,8550333
Croatia,1965,4280923
Hungary,1965,10147935
Ireland,1965,2877300
Iceland,1965,192286
Italy,1965,52112350
Liechtenstein,1965,18649
Lithuania,1965,2971450
Luxembourg,1965,331500
Latvia,1965,2265919
Monaco,1965,23282
Moldova,1965,2825000
North Macedonia,1965,1592433
Malta,1965,318800
Montenegro,1965,526327
Netherlands,1965,12294732
Norway,1965,3723168
Poland,1965,31444950
Portugal,1965,8998595
Romania,1965,19031576
Slovak Republic,1965,4370983
Slovenia,1965,1649160
Sweden,1965,7733853
Ukraine,1965,45264548
Uruguay,1965,2694536
Kosovo,1965,1078000
Albania,1966,1914573
Andorra,1966,19647
Austria,1966,7322066
Belgium,1966,9527807
Bulgaria,1966,8258057
Bosnia and Herzegovina,1966,3586636
Switzerland,1966,5918002
Cyprus,1966,585309
Czech Republic,1966,9821040
Germany,1966,76600311
Denmark,1966,4797381
Spain,1966,32283194
Estonia,1966,1308597
Finland,1966,4580869
France,1966,50330262
United Kingdom,1966,54648500
Gibraltar,1966,26633
Greece,1966,8613651
Croatia,1966,4310701
Hungary,1966,10178653
Ireland,1966,2888800
Iceland,1966,195570
Italy,1966,52519000
Liechtenstein,1966,19152
Lithuania,1966,3008050
Luxembourg,1966,333895
Latvia,1966,2283217
Monaco,1966,23305
Moldova,1966,2873000
North Macedonia,1966,1617795
Malta,1966,315200
Montenegro,1966,526419
Netherlands,1966,12456251
Norway,1966,3753012
Poland,1966,31681000
Portugal,1966,8930990
Romania,1966,19215450
Slovak Republic,1966,4411666
Slovenia,1966,1669905
Sweden,1966,7807797
Ukraine,1966,45684979
Uruguay,1966,2722875
Kosovo,1966,1106000
Albania,1967,1965598
Andorra,1967,20758
Austria,1967,7376998
Belgium,1967,9580991
Bulgaria,1967,8310226
Bosnia and Herzegovina,1967,3632672
Switzerland,1967,5991785
Cyprus,1967,591308
Czech Republic,1967,9852899
Germany,1967,76951336
Denmark,1967,4835354
Spain,1967,32682947
Estonia,1967,1318946
Finland,1967,4605744
France,1967,50775794
United Kingdom,1967,54943600
Gibraltar,1967,27173
Greece,1967,8684088
Croatia,1967,4338683
Hungary,1967,10216604
Ireland,1967,2902450
Iceland,1967,198751
Italy,1967,52900500
Liechtenstein,1967,19691
Lithuania,1967,3044400
Luxembourg,1967,334995
Latvia,1967,2301220
Monaco,1967,23292
Moldova,1967,2918000
North Macedonia,1967,1644943
Malta,1967,311550
Montenegro,1967,522796
Netherlands,1967,12598201
Norway,1967,3784539
Poland,1967,31987155
Portugal,1967,8874520
Romania,1967,19534242
Slovak Republic,1967,4449367
Slovenia,1967,1689528
Sweden,1967,7867931
Ukraine,1967,46063228
Uruguay,1967,2750086
Kosovo,1967,1135000
Albania,1968,2022272
Andorra,1968,21890
Austria,1968,7415403
Belgium,1968,9618756
Bulgaria,1968,8369603
Bosnia and Herzegovina,1968,3675454
Switzerland,1968,6067714
Cyprus,1968,598495
Czech Republic,1968,9876346
Germany,1968,77294314
Denmark,1968,4864883
Spain,1968,33113134
Estonia,1968,1331214
Finland,1968,4626469
France,1968,51175508
United Kingdom,1968,55211700
Gibraltar,1968,27685
Greece,1968,8740765
Croatia,1968,4365628
Hungary,1968,10255815
Ireland,1968,2915550
Iceland,1968,201488
Italy,1968,53235750
Liechtenstein,1968,20235
Lithuania,1968,3078850
Luxembourg,1968,335850
Latvia,1968,2323619
Monaco,1968,23304
Moldova,1968,2960000
North Macedonia,1968,1672399
Malta,1968,307900
Montenegro,1968,517481
Netherlands,1968,12729721
Norway,1968,3816486
Poland,1968,32294655
Portugal,1968,8836650
Romania,1968,19799831
Slovak Republic,1968,4483915
Slovenia,1968,1704546
Sweden,1968,7912273
Ukraine,1968,46411810
Uruguay,1968,2774759
Kosovo,1968,1163000
Albania,1969,2081695
Andorra,1969,23058
Austria,1969,7441055
Belgium,1969,9646032
Bulgaria,1969,8434172
Bosnia and Herzegovina,1969,3717468
Switzerland,1969,6136387
Cyprus,1969,606116
Czech Republic,1969,9896580
Germany,1969,77909682
Denmark,1969,4891860
Spain,1969,33441054
Estonia,1969,1345249
Finland,1969,4623785
France,1969,51561836
United Kingdom,1969,55441750
Gibraltar,1969,28166
Greece,1969,8772764
Croatia,1969,4391490
Hungary,1969,10298723
Ireland,1969,2932650
Iceland,1969,203369
Italy,1969,53537950
Liechtenstein,1969,20766
Lithuania,1969,3107321
Luxembourg,1969,337500
Latvia,1969,2343173
Monaco,1969,23346
Moldova,1969,3002000
North Macedonia,1969,1698144
Malta,1969,304300
Montenegro,1969,513340
Netherlands,1969,12877984
Norway,1969,3847707
Poland,1969,32548300
Portugal,1969,8757705
Romania,1969,20009141
Slovak Republic,1969,4518607
Slovenia,1969,1713874
Sweden,1969,7968072
Ukraine,1969,46749283
Uruguay,1969,2795042
Kosovo,1969,1191000
Albania,1970,2135479
Andorra,1970,24276
Austria,1970,7467086
Belgium,1970,9655549
Bulgaria,1970,8489574
Bosnia and Herzegovina,1970,3760529
Switzerland,1970,6180877
Cyprus,1970,613618
Czech Republic,1970,9858071
Germany,1970,78169289
Denmark,1970,4928757
Spain,1970,33814531
Estonia,1970,1360076
Finland,1970,4606307
France,1970,51957738
United Kingdom,1970,55663250
Gibraltar,1970,28606
Greece,1970,8792806
Croatia,1970,4412252
Hungary,1970,10337910
Ireland,1970,2957250
Iceland,1970,204438
Italy,1970,53821850
Liechtenstein,1970,21266
Lithuania,1970,3139689
Luxembourg,1970,339171
Latvia,1970,2359164
Monaco,1970,23484
Moldova,1970,3044000
North Macedonia,1970,1720800
Malta,1970,302650
Montenegro,1970,512407
Netherlands,1970,13038526
Norway,1970,3875763
Poland,1970,32664300
Portugal,1970,8680431
Romania,1970,20250398
Slovak Republic,1970,4538223
Slovenia,1970,1724891
Sweden,1970,8042801
Ukraine,1970,47088857
Uruguay,1970,2809793
Kosovo,1970,1219000
Albania,1971,2187853
Andorra,1971,25559
Austria,1971,7500482
Belgium,1971,9673162
Bulgaria,1971,8536395
Bosnia and Herzegovina,1971,3805287
Switzerland,1971,6213399
Cyprus,1971,620859
Czech Republic,1971,9826815
Germany,1971,78312842
Denmark,1971,4963126
Spain,1971,34224490
Estonia,1971,1376955
Finland,1971,4612124
France,1971,52371342
United Kingdom,1971,55896223
Gibraltar,1971,29006
Greece,1971,8831036
Croatia,1971,4431275
Hungary,1971,10367537
Ireland,1971,2992050
Iceland,1971,206098
Italy,1971,54073490
Liechtenstein,1971,21728
Lithuania,1971,3179041
Luxembourg,1971,342421
Latvia,1971,2376389
Monaco,1971,23721
Moldova,1971,3087000
North Macedonia,1971,1739521
Malta,1971,302700
Montenegro,1971,515449
Netherlands,1971,13194497
Norway,1971,3903039
Poland,1971,32783500
Portugal,1971,8643756
Romania,1971,20461567
Slovak Republic,1971,4557449
Slovenia,1971,1738335
Sweden,1971,8098334
Ukraine,1971,47435010
Uruguay,1971,2818281
Kosovo,1971,1247000
Albania,1972,2243126
Andorra,1972,26892
Austria,1972,7544201
Belgium,1972,9711115
Bulgaria,1972,8576200
Bosnia and Herzegovina,1972,3851153
Switzerland,1972,6260956
Cyprus,1972,627998
Czech Republic,1972,9867632
Germany,1972,78688452
Denmark,1972,4991596
Spain,1972,34604469
Estonia,1972,1392518
Finland,1972,4639657
France,1972,52793138
United Kingdom,1972,56086065
Gibraltar,1972,29358
Greece,1972,8888628
Croatia,1972,4450564
Hungary,1972,10398489
Ireland,1972,3036850
Iceland,1972,209137
Italy,1972,54381345
Liechtenstein,1972,22151
Lithuania,1972,3213622
Luxembourg,1972,346600
Latvia,1972,2395674
Monaco,1972,24051
Moldova,1972,3131000
North Macedonia,1972,1754956
Malta,1972,302450
Montenegro,1972,521785
Netherlands,1972,13328593
Norway,1972,3933004
Poland,1972,33055650
Portugal,1972,8630430
Romania,1972,20657957
Slovak Republic,1972,4596622
Slovenia,1972,1752233
Sweden,1972,8122300
Ukraine,1972,47783005
Uruguay,1972,2821461
Kosovo,1972,1278000
Albania,1973,2296752
Andorra,1973,28232
Austria,1973,7586115
Belgium,1973,9741720
Bulgaria,1973,8620967
Bosnia and Herzegovina,1973,3897256
Switzerland,1973,6307347
Cyprus,1973,635107
Czech Republic,1973,9922266
Germany,1973,78936666
Denmark,1973,5021861
Spain,1973,34988947
Estonia,1973,1405951
Finland,1973,4666081
France,1973,53207734
United Kingdom,1973,56194527
Gibraltar,1973,29650
Greece,1973,8929086
Croatia,1973,4470161
Hungary,1973,10432055
Ireland,1973,3085950
Iceland,1973,212317
Italy,1973,54751406
Liechtenstein,1973,22563
Lithuania,1973,3244438
Luxembourg,1973,350450
Latvia,1973,2415819
Monaco,1973,24439
Moldova,1973,3174000
North Macedonia,1973,1768991
Malta,1973,302200
Montenegro,1973,530220
Netherlands,1973,13439322
Norway,1973,3960612
Poland,1973,33357200
Portugal,1973,8633100
Romania,1973,20835681
Slovak Republic,1973,4641445
Slovenia,1973,1766697
Sweden,1973,8136312
Ukraine,1973,48125842
Uruguay,1973,2822117
Kosovo,1973,1308000
Albania,1974,2350124
Andorra,1974,29520
Austria,1974,7599038
Belgium,1974,9772419
Bulgaria,1974,8678745
Bosnia and Herzegovina,1974,3942225
Switzerland,1974,6341405
Cyprus,1974,642332
Czech Republic,1974,9988459
Germany,1974,78967433
Denmark,1974,5045297
Spain,1974,35373335
Estonia,1974,1418169
Finland,1974,4690574
France,1974,53592233
United Kingdom,1974,56229974
Gibraltar,1974,29886
Greece,1974,8962022
Croatia,1974,4490660
Hungary,1974,10478720
Ireland,1974,3137500
Iceland,1974,215209
Italy,1974,55110868
Liechtenstein,1974,22983
Lithuania,1974,3273894
Luxembourg,1974,355050
Latvia,1974,2437186
Monaco,1974,24836
Moldova,1974,3215000
North Macedonia,1974,1784398
Malta,1974,301996
Montenegro,1974,538902
Netherlands,1974,13545056
Norway,1974,3985258
Poland,1974,33678899
Portugal,1974,8754365
Romania,1974,21029429
Slovak Republic,1974,4689623
Slovenia,1974,1776132
Sweden,1974,8159955
Ukraine,1974,48452626
Uruguay,1974,2824095
Kosovo,1974,1339000
Albania,1975,2404831
Andorra,1975,30705
Austria,1975,7578903
Belgium,1975,9800700
Bulgaria,1975,8720742
Bosnia and Herzegovina,1975,3985105
Switzerland,1975,6338632
Cyprus,1975,649751
Czech Republic,1975,10058620
Germany,1975,78673554
Denmark,1975,5059862
Spain,1975,35757900
Estonia,1975,1429352
Finland,1975,4711440
France,1975,53931390
United Kingdom,1975,56225800
Gibraltar,1975,30067
Greece,1975,9046541
Croatia,1975,4512082
Hungary,1975,10540525
Ireland,1975,3189550
Iceland,1975,217979
Italy,1975,55441001
Liechtenstein,1975,23438
Lithuania,1975,3301652
Luxembourg,1975,358950
Latvia,1975,2456130
Monaco,1975,25198
Moldova,1975,3251000
North Macedonia,1975,1803010
Malta,1975,304222
Montenegro,1975,546487
Netherlands,1975,13666335
Norway,1975,4007313
Poland,1975,34015199
Portugal,1975,9093470
Romania,1975,21293583
Slovak Republic,1975,4739105
Slovenia,1975,1793581
Sweden,1975,8192437
Ukraine,1975,48755665
Uruguay,1975,2830176
Kosovo,1975,1369000
Albania,1976,2458526
Andorra,1976,31777
Austria,1976,7565525
Belgium,1976,9818227
Bulgaria,1976,8758599
Bosnia and Herzegovina,1976,4025266
Switzerland,1976,6302504
Cyprus,1976,657527
Czech Republic,1976,10125939
Germany,1976,78336950
Denmark,1976,5072596
Spain,1976,36137812
Estonia,1976,1439576
Finland,1976,4725664
France,1976,54220022
United Kingdom,1976,56211968
Gibraltar,1976,30180
Greece,1976,9188150
Croatia,1976,4535934
Hungary,1976,10598677
Ireland,1976,3238050
Iceland,1976,220154
Italy,1976,55718260
Liechtenstein,1976,23931
Lithuania,1976,3328664
Luxembourg,1976,360731
Latvia,1976,2470989
Monaco,1976,25524
Moldova,1976,3284000
North Macedonia,1976,1825552
Malta,1976,305774
Montenegro,1976,552562
Netherlands,1976,13774037
Norway,1976,4026152
Poland,1976,34356300
Portugal,1976,9355810
Romania,1976,21551634
Slovak Republic,1976,4789507
Slovenia,1976,1820249
Sweden,1976,8222286
Ukraine,1976,49032729
Uruguay,1976,2841372
Kosovo,1976,1400000
Albania,1977,2513546
Andorra,1977,32771
Austria,1977,7568430
Belgium,1977,9830358
Bulgaria,1977,8804183
Bosnia and Herzegovina,1977,4063193
Switzerland,1977,6281174
Cyprus,1977,665525
Czech Republic,1977,10186755
Germany,1977,78159814
Denmark,1977,5088419
Spain,1977,36511638
Estonia,1977,1450211
Finland,1977,4738902
France,1977,54467702
United Kingdom,1977,56193492
Gibraltar,1977,30234
Greece,1977,9308479
Croatia,1977,4559571
Hungary,1977,10648031
Ireland,1977,3282200
Iceland,1977,221799
Italy,1977,55955411
Liechtenstein,1977,24448
Lithuania,1977,3355036
Luxembourg,1977,361358
Latvia,1977,2485073
Monaco,1977,25809
Moldova,1977,3312000
North Macedonia,1977,1851069
Malta,1977,306970
Montenegro,1977,557576
Netherlands,1977,13856185
Norway,1977,4043205
Poland,1977,34689050
Portugal,1977,9455675
Romania,1977,21756096
Slovak Republic,1977,4840501
Slovenia,1977,1842377
Sweden,1977,8251540
Ukraine,1977,49287127
Uruguay,1977,2856958
Kosovo,1977,1430000
Albania,1978,2566266
Andorra,1978,33737
Austria,1978,7562305
Belgium,1978,9839534
Bulgaria,1978,8814032
Bosnia and Herzegovina,1978,4100349
Switzerland,1978,6281738
Cyprus,1978,673247
Czech Republic,1978,10242098
Germany,1978,78091820
Denmark,1978,5104248
Spain,1978,36864898
Estonia,1978,1460188
Finland,1978,4752528
France,1978,54691851
United Kingdom,1978,56196504
Gibraltar,1978,30232
Greece,1978,9429959
Croatia,1978,4581085
Hungary,1978,10684822
Ireland,1978,3329100
Iceland,1978,223537
Italy,1978,56155143
Liechtenstein,1978,24975
Lithuania,1978,3379514
Luxembourg,1978,362007
Latvia,1978,2497921
Monaco,1978,26087
Moldova,1978,3339000
North Macedonia,1978,1877688
Malta,1978,310182
Montenegro,1978,562065
Netherlands,1978,13941700
Norway,1978,4058671
Poland,1978,34965600
Portugal,1978,9558250
Romania,1978,21951464
Slovak Republic,1978,4890125
Slovenia,1978,1862548
Sweden,1978,8275599
Ukraine,1978,49523314
Uruguay,1978,2875728
Kosovo,1978,1460000
Albania,1979,2617832
Andorra,1979,34818
Austria,1979,7549425
Belgium,1979,9848382
Bulgaria,1979,8825940
Bosnia and Herzegovina,1979,4138819
Switzerland,1979,6294365
Cyprus,1979,680005
Czech Republic,1979,10292341
Germany,1979,78126350
Denmark,1979,5116801
Spain,1979,37191330
Estonia,1979,1468333
Finland,1979,4764690
France,1979,54917118
United Kingdom,1979,56246951
Gibraltar,1979,30169
Greece,1979,9548258
Croatia,1979,4594778
Hungary,1979,10704152
Ireland,1979,3373750
Iceland,1979,225735
Italy,1979,56317749
Liechtenstein,1979,25459
Lithuania,1979,3397842
Luxembourg,1979,362856
Latvia,1979,2505953
Monaco,1979,26394
Moldova,1979,3366000
North Macedonia,1979,1902719
Malta,1979,313342
Montenegro,1979,566888
Netherlands,1979,14038270
Norway,1979,4072517
Poland,1979,35247217
Portugal,1979,9661265
Romania,1979,22090488
Slovak Republic,1979,4938973
Slovenia,1979,1882599
Sweden,1979,8293678
Ukraine,1979,49747989
Uruguay,1979,2895688
Kosovo,1979,1491000
Albania,1980,2671997
Andorra,1980,36067
Austria,1980,7549433
Belgium,1980,9859242
Bulgaria,1980,8861535
Bosnia and Herzegovina,1980,4179855
Switzerland,1980,6319408
Cyprus,1980,685405
Czech Republic,1980,10304193
Germany,1980,78288576
Denmark,1980,5123027
Spain,1980,37491165
Estonia,1980,1477219
Finland,1980,4779535
France,1980,55161527
United Kingdom,1980,56314216
Gibraltar,1980,30065
Greece,1980,9642505
Croatia,1980,4599782
Hungary,1980,10711122
Ireland,1980,3412800
Iceland,1980,228138
Italy,1980,56433883
Liechtenstein,1980,25879
Lithuania,1980,3413202
Luxembourg,1980,364150
Latvia,1980,2511701
Monaco,1980,26745
Moldova,1980,3396000
North Macedonia,1980,1924197
Malta,1980,316645
Montenegro,1980,572608
Netherlands,1980,14149800
Norway,1980,4085620
Poland,1980,35574150
Portugal,1980,9766312
Romania,1980,22242653
Slovak Republic,1980,4979815
Slovenia,1980,1901315
Sweden,1980,8310531
Ukraine,1980,49965874
Uruguay,1980,2915389
Kosovo,1980,1521000
Albania,1981,2726056
Andorra,1981,37500
Austria,1981,7568710
Belgium,1981,9858982
Bulgaria,1981,8891117
Bosnia and Herzegovina,1981,4222471
Switzerland,1981,6354074
Cyprus,1981,689173
Czech Republic,1981,10300591
Germany,1981,78407907
Denmark,1981,5121572
Spain,1981,37758631
Estonia,1981,1487666
Finland,1981,4799964
France,1981,55430296
United Kingdom,1981,56333829
Gibraltar,1981,29902
Greece,1981,9729350
Croatia,1981,4611509
Hungary,1981,10711848
Ireland,1981,3453000
Iceland,1981,230755
Italy,1981,56501675
Liechtenstein,1981,26238
Lithuania,1981,3432947
Luxembourg,1981,365225
Latvia,1981,2519421
Monaco,1981,27162
Moldova,1981,3429000
North Macedonia,1981,1941530
Malta,1981,318982
Montenegro,1981,579445
Netherlands,1981,14247208
Norway,1981,4099702
Poland,1981,35898587
Portugal,1981,9851362
Romania,1981,22415169
Slovak Republic,1981,5016105
Slovenia,1981,1906531
Sweden,1981,8320503
Ukraine,1981,50221000
Uruguay,1981,2934613
Kosovo,1981,1552000
Albania,1982,2784278
Andorra,1982,39114
Austria,1982,7574140
Belgium,1982,9856303
Bulgaria,1982,8917457
Bosnia and Herzegovina,1982,4265185
Switzerland,1982,6391309
Cyprus,1982,691702
Czech Republic,1982,10314826
Germany,1982,78333366
Denmark,1982,5117810
Spain,1982,37986012
Estonia,1982,1498414
Finland,1982,4826933
France,1982,55718933
United Kingdom,1982,56313641
Gibraltar,1982,29691
Greece,1982,9789513
Croatia,1982,4634234
Hungary,1982,10705535
Ireland,1982,3485800
Iceland,1982,233860
Italy,1982,56543548
Liechtenstein,1982,26536
Lithuania,1982,3457179
Luxembourg,1982,365525
Latvia,1982,2531080
Monaco,1982,27627
Moldova,1982,3464000
North Macedonia,1982,1955243
Malta,1982,325898
Montenegro,1982,587001
Netherlands,1982,14312690
Norway,1982,4114787
Poland,1982,36230481
Portugal,1982,9911771
Romania,1982,22515389
Slovak Republic,1982,5055099
Slovenia,1982,1910334
Sweden,1982,8325263
Ukraine,1982,50384000
Uruguay,1982,2953852
Kosovo,1982,1582000
Albania,1983,2843960
Andorra,1983,40867
Austria,1983,7561910
Belgium,1983,9855520
Bulgaria,1983,8939738
Bosnia and Herzegovina,1983,4307905
Switzerland,1983,6418773
Cyprus,1983,694077
Czech Republic,1983,10323856
Germany,1983,78128282
Denmark,1983,5114297
Spain,1983,38171525
Estonia,1983,1508745
Finland,1983,4855787
France,1983,56023770
United Kingdom,1983,56332848
Gibraltar,1983,29482
Greece,1983,9846627
Croatia,1983,4658254
Hungary,1983,10689463
Ireland,1983,3510600
Iceland,1983,236977
Italy,1983,56564074
Liechtenstein,1983,26789
Lithuania,1983,3485192
Luxembourg,1983,365622
Latvia,1983,2546011
Monaco,1983,28097
Moldova,1983,3500000
North Macedonia,1983,1965895
Malta,1983,330524
Montenegro,1983,594506
Netherlands,1983,14367070
Norway,1983,4128432
Poland,1983,36571808
Portugal,1983,9957865
Romania,1983,22588790
Slovak Republic,1983,5091971
Slovenia,1983,1922321
Sweden,1983,8329033
Ukraine,1983,50564000
Uruguay,1983,2973036
Kosovo,1983,1614000
Albania,1984,2904429
Andorra,1984,42706
Austria,1984,7561434
Belgium,1984,9855372
Bulgaria,1984,8960679
Bosnia and Herzegovina,1984,4350577
Switzerland,1984,6441865
Cyprus,1984,697714
Czech Republic,1984,10330213
Germany,1984,77858685
Denmark,1984,5111619
Spain,1984,38330364
Estonia,1984,1518617
Finland,1984,4881803
France,1984,56337666
United Kingdom,1984,56422072
Gibraltar,1984,29283
Greece,1984,9895801
Croatia,1984,4680285
Hungary,1984,10668095
Ireland,1984,3532423
Iceland,1984,239511
Italy,1984,56576718
Liechtenstein,1984,27036
Lithuania,1984,3514205
Luxembourg,1984,365998
Latvia,1984,2562047
Monaco,1984,28510
Moldova,1984,3536000
North Macedonia,1984,1974415
Malta,1984,330593
Montenegro,1984,600884
Netherlands,1984,14424211
Norway,1984,4140099
Poland,1984,36904134
Portugal,1984,9996232
Romania,1984,22655940
Slovak Republic,1984,5127097
Slovenia,1984,1932154
Sweden,1984,8336605
Ukraine,1984,50754000
Uruguay,1984,2992246
Kosovo,1984,1647000
Albania,1985,2964762
Andorra,1985,44600
Austria,1985,7564985
Belgium,1985,9858308
Bulgaria,1985,8960547
Bosnia and Herzegovina,1985,4392131
Switzerland,1985,6470365
Cyprus,1985,703685
Czech Republic,1985,10337118
Germany,1985,77684873
Denmark,1985,5113691
Spain,1985,38469512
Estonia,1985,1528781
Finland,1985,4902206
France,1985,56654696
United Kingdom,1985,56550268
Gibraltar,1985,29154
Greece,1985,9934300
Croatia,1985,4701417
Hungary,1985,10648713
Ireland,1985,3538082
Iceland,1985,241405
Italy,1985,56593071
Liechtenstein,1985,27288
Lithuania,1985,3544543
Luxembourg,1985,366706
Latvia,1985,2578873
Monaco,1985,28832
Moldova,1985,3570000
North Macedonia,1985,1981534
Malta,1985,336452
Montenegro,1985,605398
Netherlands,1985,14491632
Norway,1985,4152516
Poland,1985,37201885
Portugal,1985,10023613
Romania,1985,22755427
Slovak Republic,1985,5161768
Slovenia,1985,1941641
Sweden,1985,8350386
Ukraine,1985,50917000
Uruguay,1985,3011519
Kosovo,1985,1682000
Albania,1986,3022635
Andorra,1986,46517
Austria,1986,7569794
Belgium,1986,9861823
Bulgaria,1986,8958171
Bosnia and Herzegovina,1986,4435917
Switzerland,1986,6504124
Cyprus,1986,712340
Czech Republic,1986,10342227
Germany,1986,77720436
Denmark,1986,5120534
Spain,1986,38584624
Estonia,1986,1540190
Finland,1986,4918154
France,1986,56976123
United Kingdom,1986,56681396
Gibraltar,1986,29094
Greece,1986,9967213
Croatia,1986,4721446
Hungary,1986,10630564
Ireland,1986,3539690
Iceland,1986,243180
Italy,1986,56596155
Liechtenstein,1986,27559
Lithuania,1986,3578914
Luxembourg,1986,368355
Latvia,1986,2599892
Monaco,1986,29041
Moldova,1986,3602000
North Macedonia,1986,1987538
Malta,1986,342121
Montenegro,1986,607711
Netherlands,1986,14572278
Norway,1986,4167354
Poland,1986,37456119
Portugal,1986,10032734
Romania,1986,22859269
Slovak Republic,1986,5193838
Slovenia,1986,1965964
Sweden,1986,8369829
Ukraine,1986,51097000
Uruguay,1986,3030649
Kosovo,1986,1717000
Albania,1987,3083605
Andorra,1987,48455
Austria,1987,7574586
Belgium,1987,9870234
Bulgaria,1987,8971359
Bosnia and Herzegovina,1987,4479519
Switzerland,1987,6545106
Cyprus,1987,723376
Czech Republic,1987,10347318
Germany,1987,77839920
Denmark,1987,5127024
Spain,1987,38684815
Estonia,1987,1552221
Finland,1987,4932123
France,1987,57302663
United Kingdom,1987,56802050
Gibraltar,1987,29115
Greece,1987,10000595
Croatia,1987,4739745
Hungary,1987,10612741
Ireland,1987,3540057
Iceland,1987,245859
Italy,1987,56601931
Liechtenstein,1987,27837
Lithuania,1987,3616367
Luxembourg,1987,370750
Latvia,1987,2626583
Monaco,1987,29168
Moldova,1987,3633000
North Macedonia,1987,1992274
Malta,1987,344485
Montenegro,1987,608144
Netherlands,1987,14665037
Norway,1987,4186905
Poland,1987,37668045
Portugal,1987,10030031
Romania,1987,22949430
Slovak Republic,1987,5222840
Slovenia,1987,1989776
Sweden,1987,8397804
Ukraine,1987,51293000
Uruguay,1987,3049581
Kosovo,1987,1753000
Albania,1988,3142336
Andorra,1988,50434
Austria,1988,7585317
Belgium,1988,9901664
Bulgaria,1988,8981446
Bosnia and Herzegovina,1988,4509461
Switzerland,1988,6593386
Cyprus,1988,736474
Czech Republic,1988,10355276
Germany,1988,78144619
Denmark,1988,5129516
Spain,1988,38766939
Estonia,1988,1561900
Finland,1988,4946481
France,1988,57627105
United Kingdom,1988,56928327
Gibraltar,1988,29159
Greece,1988,10036983
Croatia,1988,4755207
Hungary,1988,10596487
Ireland,1988,3524949
Iceland,1988,249740
Italy,1988,56629288
Liechtenstein,1988,28129
Lithuania,1988,3655049
Luxembourg,1988,373450
Latvia,1988,2653434
Monaco,1988,29229
Moldova,1988,3660000
North Macedonia,1988,1995513
Malta,1988,347325
Montenegro,1988,607413
Netherlands,1988,14760094
Norway,1988,4209488
Poland,1988,37824487
Portugal,1988,10019610
Romania,1988,23057662
Slovak Republic,1988,5250596
Slovenia,1988,1995196
Sweden,1988,8436489
Ukraine,1988,51521000
Uruguay,1988,3068705
Kosovo,1988,1791000
Albania,1989,3227943
Andorra,1989,52448
Austria,1989,7619567
Belgium,1989,9937697
Bulgaria,1989,8876972
Bosnia and Herzegovina,1989,4507824
Switzerland,1989,6646912
Cyprus,1989,751047
Czech Republic,1989,10361068
Germany,1989,78751283
Denmark,1989,5132594
Spain,1989,38827764
Estonia,1989,1568131
Finland,1989,4964371
France,1989,57940212
United Kingdom,1989,57076711
Gibraltar,1989,29187
Greece,1989,10089498
Croatia,1989,4767260
Hungary,1989,10481719
Ireland,1989,3511009
Iceland,1989,252852
Italy,1989,56671781
Liechtenstein,1989,28449
Lithuania,1989,3684255
Luxembourg,1989,377100
Latvia,1989,2666955
Monaco,1989,29305
Moldova,1989,3681000
North Macedonia,1989,1996870
Malta,1989,350722
Montenegro,1989,606571
Netherlands,1989,14848907
Norway,1989,4226901
Poland,1989,37961529
Portugal,1989,10005000
Romania,1989,23161458
Slovak Republic,1989,5275942
Slovenia,1989,1996351
Sweden,1989,8492964
Ukraine,1989,51773000
Uruguay,1989,3088595
Kosovo,1989,1827000
Albania,1990,3286542
Andorra,1990,54509
Austria,1990,7677850
Belgium,1990,9967379
Bulgaria,1990,8718289
Bosnia and Herzegovina,1990,4463423
Switzerland,1990,6715519
Cyprus,1990,766615
Czech Republic,1990,10333355
Germany,1990,79433029
Denmark,1990,5140939
Spain,1990,38867322
Estonia,1990,1569174
Finland,1990,4986431
France,1990,58235697
United Kingdom,1990,57247586
Gibraltar,1990,29147
Greece,1990,10196792
Croatia,1990,4777368
Hungary,1990,10373988
Ireland,1990,3513974
Iceland,1990,254826
Italy,1990,56719240
Liechtenstein,1990,28789
Lithuania,1990,3697838
Luxembourg,1990,381850
Latvia,1990,2663151
Monaco,1990,29438
Moldova,1990,3696000
North Macedonia,1990,1996228
Malta,1990,354170
Montenegro,1990,606372
Netherlands,1990,14951510
Norway,1990,4241473
Poland,1990,38110782
Portugal,1990,9983218
Romania,1990,23201835
Serbia,1990,7586000
Slovak Republic,1990,5299187
Slovenia,1990,1998161
Sweden,1990,8558835
Ukraine,1990,51892000
Uruguay,1990,3109601
Kosovo,1990,1862000
Albania,1991,3266790
Andorra,1991,56671
Austria,1991,7754891
Belgium,1991,10004486
Bulgaria,1991,8632367
Bosnia and Herzegovina,1991,4369319
Switzerland,1991,6799978
Cyprus,1991,783124
Czech Republic,1991,10308578
Germany,1991,80013896
Denmark,1991,5154298
Spain,1991,38966376
Estonia,1991,1561314
Finland,1991,5013740
France,1991,58559311
United Kingdom,1991,57424897
Gibraltar,1991,29022
Greece,1991,10319927
Croatia,1991,4689022
Hungary,1991,10373400
Ireland,1991,3534235
Iceland,1991,257797
Italy,1991,56758521
Liechtenstein,1991,29159
Lithuania,1991,3704134
Luxembourg,1991,387000
Latvia,1991,2650581
Monaco,1991,29622
Moldova,1991,3704000
North Macedonia,1991,1993302
Malta,1991,363845
Montenegro,1991,607105
Netherlands,1991,15069798
Norway,1991,4261732
Poland,1991,38246193
Portugal,1991,9960235
Romania,1991,23001155
Serbia,1991,7595636
Slovak Republic,1991,5303294
Slovenia,1991,1999429
Sweden,1991,8617375
Ukraine,1991,52000470
Uruguay,1991,3131660
Kosovo,1991,1898000
Albania,1992,3247039
Andorra,1992,58888
Austria,1992,7840709
Belgium,1992,10045158
Bulgaria,1992,8540164
Bosnia and Herzegovina,1992,4233676
Switzerland,1992,6875364
Cyprus,1992,800611
Czech Republic,1992,10319123
Germany,1992,80624598
Denmark,1992,5171370
Spain,1992,39157685
Estonia,1992,1533091
Finland,1992,5041992
France,1992,58851217
United Kingdom,1992,57580402
Gibraltar,1992,28840
Greece,1992,10399061
Croatia,1992,4575818
Hungary,1992,10369341
Ireland,1992,3558430
Iceland,1992,261057
Italy,1992,56797087
Liechtenstein,1992,29553
Lithuania,1992,3700114
Luxembourg,1992,392175
Latvia,1992,2614338
Monaco,1992,29865
Moldova,1992,3706000
North Macedonia,1992,1988659
Malta,1992,367618
Montenegro,1992,608516
Netherlands,1992,15184166
Norway,1992,4286401
Poland,1992,38363667
Portugal,1992,9952494
Romania,1992,22794284
Serbia,1992,7646424
Slovak Republic,1992,5305016
Slovenia,1992,1996498
Sweden,1992,8668067
Ukraine,1992,52150266
Uruguay,1992,3154464
Kosovo,1992,1932000
Albania,1993,3227287
Andorra,1993,60971
Austria,1993,7905633
Belgium,1993,10084475
Bulgaria,1993,8472313
Bosnia and Herzegovina,1993,4078937
Switzerland,1993,6938265
Cyprus,1993,818746
Czech Republic,1993,10329855
Germany,1993,81156363
Denmark,1993,5188628
Spain,1993,39361262
Estonia,1993,1494128
Finland,1993,5066447
France,1993,59106768
United Kingdom,1993,57718614
Gibraltar,1993,28675
Greece,1993,10460415
Croatia,1993,4600463
Hungary,1993,10357523
Ireland,1993,3576261
Iceland,1993,263725
Italy,1993,56831821
Liechtenstein,1993,29975
Lithuania,1993,3682613
Luxembourg,1993,397475
Latvia,1993,2563290
Monaco,1993,30146
Moldova,1993,3701000
North Macedonia,1993,1984028
Malta,1993,371308
Montenegro,1993,610170
Netherlands,1993,15290368
Norway,1993,4311991
Poland,1993,38461408
Portugal,1993,9964675
Romania,1993,22763280
Serbia,1993,7699307
Slovak Republic,1993,5325305
Slovenia,1993,1991746
Sweden,1993,8718561
Ukraine,1993,52179210
Uruguay,1993,3177745
Kosovo,1993,1965000
Albania,1994,3207536
Andorra,1994,62677
Austria,1994,7936118
Belgium,1994,10115603
Bulgaria,1994,8443591
Bosnia and Herzegovina,1994,3936524
Switzerland,1994,6993795
Cyprus,1994,837110
Czech Republic,1994,10333587
Germany,1994,81438348
Denmark,1994,5206180
Spain,1994,39549108
Estonia,1994,1462514
Finland,1994,5088333
France,1994,59327192
United Kingdom,1994,57865745
Gibraltar,1994,28602
Greece,1994,10512922
Croatia,1994,4652024
Hungary,1994,10343355
Ireland,1994,3590386
Iceland,1994,266021
Italy,1994,56843400
Liechtenstein,1994,30426
Lithuania,1994,3657144
Luxembourg,1994,402925
Latvia,1994,2520742
Monaco,1994,30435
Moldova,1994,3690000
North Macedonia,1994,1981703
Malta,1994,374797
Montenegro,1994,611389
Netherlands,1994,15382838
Norway,1994,4336613
Poland,1994,38542652
Portugal,1994,9991525
Romania,1994,22730211
Serbia,1994,7734639
Slovak Republic,1994,5346331
Slovenia,1994,1989443
Sweden,1994,8780745
Ukraine,1994,51921041
Uruguay,1994,3201151
Kosovo,1994,1997000
Albania,1995,3187784
Andorra,1995,63850
Austria,1995,7948278
Belgium,1995,10136811
Bulgaria,1995,8406067
Bosnia and Herzegovina,1995,3829050
Switzerland,1995,7040687
Cyprus,1995,855383
Czech Republic,1995,10327253
Germany,1995,81678051
Denmark,1995,5233373
Spain,1995,39724050
Estonia,1995,1436634
Finland,1995,5107790
France,1995,59541899
United Kingdom,1995,58019030
Gibraltar,1995,28692
Greece,1995,10562153
Croatia,1995,4620030
Hungary,1995,10328965
Ireland,1995,3608841
Iceland,1995,267468
Italy,1995,56844303
Liechtenstein,1995,30880
Lithuania,1995,3629102
Luxembourg,1995,408625
Latvia,1995,2485056
Monaco,1995,30716
Moldova,1995,3675099
North Macedonia,1995,1983252
Malta,1995,377419
Montenegro,1995,611712
Netherlands,1995,15459006
Norway,1995,4359184
Poland,1995,38594998
Portugal,1995,10026176
Romania,1995,22684270
Serbia,1995,7625357
Slovak Republic,1995,5361999
Slovenia,1995,1989872
Sweden,1995,8826939
Ukraine,1995,51512299
Uruguay,1995,3224281
Kosovo,1995,2029000
Albania,1996,3168033
Andorra,1996,64360
Austria,1996,7959017
Belgium,1996,10156637
Bulgaria,1996,8362826
Bosnia and Herzegovina,1996,3764425
Switzerland,1996,7071850
Cyprus,1996,873423
Czech Republic,1996,10315241
Germany,1996,81914831
Denmark,1996,5263074
Spain,1996,39889852
Estonia,1996,1415594
Finland,1996,5124573
France,1996,59753100
United Kingdom,1996,58166950
Gibraltar,1996,28971
Greece,1996,10608800
Croatia,1996,4557097
Hungary,1996,10311238
Ireland,1996,3637510
Iceland,1996,268916
Italy,1996,56860281
Liechtenstein,1996,31348
Lithuania,1996,3601613
Luxembourg,1996,414225
Latvia,1996,2457222
Monaco,1996,30995
Moldova,1996,3667748
North Macedonia,1996,1989443
Malta,1996,379905
Montenegro,1996,611003
Netherlands,1996,15530498
Norway,1996,4381336
Poland,1996,38624370
Portugal,1996,10063945
Romania,1996,22619004
Serbia,1996,7617794
Slovak Republic,1996,5373361
Slovenia,1996,1988628
Sweden,1996,8840998
Ukraine,1996,51057189
Uruguay,1996,3247381
Kosovo,1996,2059000
Albania,1997,3148281
Andorra,1997,64327
Austria,1997,7968041
Belgium,1997,10181245
Bulgaria,1997,8312068
Bosnia and Herzegovina,1997,3736070
Switzerland,1997,7088906
Cyprus,1997,891190
Czech Republic,1997,10304131
Germany,1997,82034771
Denmark,1997,5284991
Spain,1997,40057389
Estonia,1997,1399535
Finland,1997,5139835
France,1997,59964851
United Kingdom,1997,58316954
Gibraltar,1997,29408
Greece,1997,10661259
Croatia,1997,4534920
Hungary,1997,10290486
Ireland,1997,3674171
Iceland,1997,271128
Italy,1997,56890372
Liechtenstein,1997,31830
Lithuania,1997,3575137
Luxembourg,1997,419450
Latvia,1997,2432851
Monaco,1997,31280
Moldova,1997,3654208
North Macedonia,1997,1999598
Malta,1997,382791
Montenegro,1997,609520
Netherlands,1997,15610650
Norway,1997,4405157
Poland,1997,38649660
Portugal,1997,10108977
Romania,1997,22553978
Serbia,1997,7596501
Slovak Republic,1997,5383291
Slovenia,1997,1985956
Sweden,1997,8846062
Ukraine,1997,50594105
Uruguay,1997,3270164
Kosovo,1997,2086000
Albania,1998,3128530
Andorra,1998,64142
Austria,1998,7976789
Belgium,1998,10203008
Bulgaria,1998,8256786
Bosnia and Herzegovina,1998,3734337
Switzerland,1998,7110001
Cyprus,1998,908702
Czech Republic,1998,10294373
Germany,1998,82047195
Denmark,1998,5304219
Spain,1998,40223509
Estonia,1998,1386156
Finland,1998,5153498
France,1998,60186288
United Kingdom,1998,58487141
Gibraltar,1998,29947
Greece,1998,10720509
Croatia,1998,4532135
Hungary,1998,10266570
Ireland,1998,3712696
Iceland,1998,274047
Italy,1998,56906744
Liechtenstein,1998,32311
Lithuania,1998,3549331
Luxembourg,1998,424700
Latvia,1998,2410019
Monaco,1998,31556
Moldova,1998,3652732
North Macedonia,1998,2012057
Malta,1998,385287
Montenegro,1998,607662
Netherlands,1998,15707209
Norway,1998,4431464
Poland,1998,38663481
Portugal,1998,10160196
Romania,1998,22507344
Serbia,1998,7567745
Slovak Republic,1998,5390516
Slovenia,1998,1981629
Sweden,1998,8850974
Sint Maarten (Dutch part),1998,31240
Ukraine,1998,50143939
Uruguay,1998,3291053
Kosovo,1998,1966000
Albania,1999,3108778
Andorra,1999,64370
Austria,1999,7992324
Belgium,1999,10226419
Bulgaria,1999,8210624
Bosnia and Herzegovina,1999,3743354
Switzerland,1999,7143991
Cyprus,1999,926046
Czech Republic,1999,10283860
Germany,1999,82100243
Denmark,1999,5321799
Spain,1999,40386875
Estonia,1999,1390244
Finland,1999,5165474
France,1999,60496718
United Kingdom,1999,58682466
Gibraltar,1999,30529
Greece,1999,10761698
Croatia,1999,4512597
Hungary,1999,10237530
Ireland,1999,3754786
Iceland,1999,277381
Italy,1999,56916317
Liechtenstein,1999,32769
Lithuania,1999,3524238
Luxembourg,1999,430475
Latvia,1999,2390482
Monaco,1999,31844
Moldova,1999,3647001
North Macedonia,1999,2024394
Malta,1999,387578
Montenegro,1999,606001
Netherlands,1999,15812088
Norway,1999,4461913
Poland,1999,38660271
Portugal,1999,10217828
Romania,1999,22472040
Serbia,1999,7540401
Slovak Republic,1999,5396020
Slovenia,1999,1983045
Sweden,1999,8857874
Sint Maarten (Dutch part),1999,31084
Ukraine,1999,49673350
Uruguay,1999,3308012
Kosovo,1999,1762000
Albania,2000,3089027
Andorra,2000,65390
Austria,2000,8011566
Belgium,2000,10251250
Bulgaria,2000,8170172
Bosnia and Herzegovina,2000,3751176
Switzerland,2000,7184250
Cyprus,2000,943290
Czech Republic,2000,10255063
Germany,2000,82211508
Denmark,2000,5339616
Spain,2000,40567864
Estonia,2000,1396985
Finland,2000,5176209
France,2000,60912500
United Kingdom,2000,58892514
Gibraltar,2000,31077
Greece,2000,10805808
Croatia,2000,4468302
Hungary,2000,10210971
Ireland,2000,3805174
Iceland,2000,281205
Italy,2000,56942108
Liechtenstein,2000,33184
Lithuania,2000,3499536
Luxembourg,2000,436300
Latvia,2000,2367550
Monaco,2000,32147
Moldova,2000,3639592
North Macedonia,2000,2034819
Malta,2000,390087
Montenegro,2000,604950
Netherlands,2000,15925513
Norway,2000,4490967
Poland,2000,38258629
Portugal,2000,10289898
Romania,2000,22442971
Serbia,2000,7516346
Slovak Republic,2000,5388720
Slovenia,2000,1988925
Sweden,2000,8872109
Sint Maarten (Dutch part),2000,30519
Ukraine,2000,49175848
Uruguay,2000,3319736
Kosovo,2000,1700000
Albania,2001,3060173
Andorra,2001,67341
Austria,2001,8042293
Belgium,2001,10286570
Bulgaria,2001,8009142
Bosnia and Herzegovina,2001,3755512
Switzerland,2001,7229854
Cyprus,2001,960276
Czech Republic,2001,10216605
Germany,2001,82349925
Denmark,2001,5358783
Spain,2001,40850412
Estonia,2001,1388115
Finland,2001,5188008
France,2001,61357430
United Kingdom,2001,59119673
Gibraltar,2001,31602
Greece,2001,10862132
Croatia,2001,4299642
Hungary,2001,10187576
Ireland,2001,3866243
Iceland,2001,284968
Italy,2001,56974100
Liechtenstein,2001,33552
Lithuania,2001,3470818
Luxembourg,2001,441525
Latvia,2001,2337170
Monaco,2001,32470
Moldova,2001,3631462
North Macedonia,2001,2042842
Malta,2001,393028
Montenegro,2001,607389
Netherlands,2001,16046180
Norway,2001,4513751
Poland,2001,38248076
Portugal,2001,10362722
Romania,2001,22131970
Serbia,2001,7503433
Slovak Republic,2001,5378867
Slovenia,2001,1992060
Sweden,2001,8895960
Sint Maarten (Dutch part),2001,30600
Ukraine,2001,48683865
Uruguay,2001,3325473
Kosovo,2001,1701154
Albania,2002,3051010
Andorra,2002,70049
Austria,2002,8081957
Belgium,2002,10332785
Bulgaria,2002,7837161
Bosnia and Herzegovina,2002,3759387
Switzerland,2002,7284753
Cyprus,2002,976964
Czech Republic,2002,10196916
Germany,2002,82488495
Denmark,2002,5375931
Spain,2002,41431558
Estonia,2002,1379350
Finland,2002,5200598
France,2002,61805267
United Kingdom,2002,59370479
Gibraltar,2002,32102
Greece,2002,10902022
Croatia,2002,4302174
Hungary,2002,10158608
Ireland,2002,3931947
Iceland,2002,287523
Italy,2002,57059007
Liechtenstein,2002,33879
Lithuania,2002,3443067
Luxembourg,2002,446175
Latvia,2002,2310173
Monaco,2002,32806
Moldova,2002,3623062
North Macedonia,2002,2048928
Malta,2002,395969
Montenegro,2002,609828
Netherlands,2002,16148929
Norway,2002,4538159
Poland,2002,38230364
Portugal,2002,10419631
Romania,2002,21730496
Serbia,2002,7496522
Slovak Republic,2002,5376912
Slovenia,2002,1994530
Sweden,2002,8924958
Sint Maarten (Dutch part),2002,30777
Ukraine,2002,48202500
Uruguay,2002,3326040
Kosovo,2002,1702310
Albania,2003,3039616
Andorra,2003,73182
Austria,2003,8121423
Belgium,2003,10376133
Bulgaria,2003,7775327
Bosnia and Herzegovina,2003,3762173
Switzerland,2003,7339001
Cyprus,2003,993563
Czech Republic,2003,10193998
Germany,2003,82534176
Denmark,2003,5390574
Spain,2003,42187645
Estonia,2003,1370720
Finland,2003,5213014
France,2003,62244886
United Kingdom,2003,59647577
Gibraltar,2003,32555
Greece,2003,10928070
Croatia,2003,4303399
Hungary,2003,10129552
Ireland,2003,3996521
Iceland,2003,289521
Italy,2003,57313203
Liechtenstein,2003,34175
Lithuania,2003,3415213
Luxembourg,2003,451630
Latvia,2003,2287955
Monaco,2003,33153
Moldova,2003,3612874
North Macedonia,2003,2053426
Malta,2003,398582
Montenegro,2003,612267
Netherlands,2003,16225302
Norway,2003,4564855
Poland,2003,38204570
Portugal,2003,10458821
Romania,2003,21574326
Serbia,2003,7480591
Slovak Republic,2003,5373374
Slovenia,2003,1995733
Sweden,2003,8958229
Sint Maarten (Dutch part),2003,31472
Ukraine,2003,47812950
Uruguay,2003,3323668
Kosovo,2003,1703466
Albania,2004,3026939
Andorra,2004,76244
Austria,2004,8171966
Belgium,2004,10421137
Bulgaria,2004,7716860
Bosnia and Herzegovina,2004,3764194
Switzerland,2004,7389625
Cyprus,2004,1010408
Czech Republic,2004,10197101
Germany,2004,82516260
Denmark,2004,5404523
Spain,2004,42921895
Estonia,2004,1362550
Finland,2004,5228172
France,2004,62704895
United Kingdom,2004,59987905
Gibraltar,2004,32928
Greece,2004,10955141
Croatia,2004,4304600
Hungary,2004,10107146
Ireland,2004,4070262
Iceland,2004,292074
Italy,2004,57685327
Liechtenstein,2004,34452
Lithuania,2004,3377075
Luxembourg,2004,458095
Latvia,2004,2263122
Monaco,2004,33500
Moldova,2004,3603945
North Macedonia,2004,2057048
Malta,2004,401268
Montenegro,2004,613353
Netherlands,2004,16281779
Norway,2004,4591910
Poland,2004,38182222
Portugal,2004,10483861
Romania,2004,21451748
Serbia,2004,7463157
Slovak Republic,2004,5372280
Slovenia,2004,1997012
Sweden,2004,8993531
Sint Maarten (Dutch part),2004,32488
Ukraine,2004,47451600
Uruguay,2004,3321476
Kosovo,2004,1704622
Albania,2005,3011487
Andorra,2005,78867
Austria,2005,8227829
Belgium,2005,10478617
Bulgaria,2005,7658972
Bosnia and Herzegovina,2005,3765331
Switzerland,2005,7437115
Cyprus,2005,1027662
Czech Republic,2005,10211216
Germany,2005,82469422
Denmark,2005,5419432
Spain,2005,43653155
Estonia,2005,1354775
Finland,2005,5246096
France,2005,63179351
United Kingdom,2005,60401206
Gibraltar,2005,33219
Greece,2005,10987314
Croatia,2005,4310145
Hungary,2005,10087065
Ireland,2005,4159914
Iceland,2005,296734
Italy,2005,57969484
Liechtenstein,2005,34713
Lithuania,2005,3322528
Luxembourg,2005,465158
Latvia,2005,2238799
Monaco,2005,33843
Moldova,2005,3595187
North Macedonia,2005,2060273
Malta,2005,403834
Montenegro,2005,614261
Netherlands,2005,16319868
Norway,2005,4623291
Poland,2005,38165445
Portugal,2005,10503330
Romania,2005,21319685
Serbia,2005,7440769
Slovak Republic,2005,5372807
Slovenia,2005,2000474
Sweden,2005,9029572
Sint Maarten (Dutch part),2005,33011
Ukraine,2005,47105150
Uruguay,2005,3321803
Kosovo,2005,1705780
Albania,2006,2992547
Andorra,2006,80993
Austria,2006,8268641
Belgium,2006,10547958
Bulgaria,2006,7601022
Bosnia and Herzegovina,2006,3765424
Switzerland,2006,7483934
Cyprus,2006,1045507
Czech Republic,2006,10238905
Germany,2006,82376451
Denmark,2006,5437272
Spain,2006,44397319
Estonia,2006,1346810
Finland,2006,5266268
France,2006,63621381
United Kingdom,2006,60846820
Gibraltar,2006,33417
Greece,2006,11020362
Croatia,2006,4311159
Hungary,2006,10071370
Ireland,2006,4273591
Iceland,2006,303782
Italy,2006,58143979
Liechtenstein,2006,34970
Lithuania,2006,3269909
Luxembourg,2006,472637
Latvia,2006,2218357
Monaco,2006,34190
Moldova,2006,3585209
North Macedonia,2006,2063131
Malta,2006,405308
Montenegro,2006,615025
Netherlands,2006,16346101
Norway,2006,4660677
Poland,2006,38141267
Portugal,2006,10522288
Romania,2006,21193760
Serbia,2006,7411569
Slovak Republic,2006,5373054
Slovenia,2006,2006868
Sweden,2006,9080505
Sint Maarten (Dutch part),2006,33441
Ukraine,2006,46787750
Uruguay,2006,3325401
Kosovo,2006,1719536
Albania,2007,2970017
Andorra,2007,82684
Austria,2007,8295487
Belgium,2007,10625700
Bulgaria,2007,7545338
Bosnia and Herzegovina,2007,3762786
Switzerland,2007,7551117
Cyprus,2007,1063713
Czech Republic,2007,10298828
Germany,2007,82266372
Denmark,2007,5461438
Spain,2007,45226803
Estonia,2007,1340680
Finland,2007,5288720
France,2007,64016225
United Kingdom,2007,61322463
Gibraltar,2007,33517
Greece,2007,11048473
Croatia,2007,4310217
Hungary,2007,10055780
Ireland,2007,4398942
Iceland,2007,311566
Italy,2007,58438310
Liechtenstein,2007,35217
Lithuania,2007,3231294
Luxembourg,2007,479993
Latvia,2007,2200325
Monaco,2007,34525
Moldova,2007,3576910
North Macedonia,2007,2065426
Malta,2007,406724
Montenegro,2007,615875
Netherlands,2007,16381696
Norway,2007,4709153
Poland,2007,38120560
Portugal,2007,10542964
Romania,2007,20882982
Serbia,2007,7381579
Slovak Republic,2007,5374622
Slovenia,2007,2018122
Sweden,2007,9148092
Sint Maarten (Dutch part),2007,33811
Ukraine,2007,46509350
Uruguay,2007,3331749
Kosovo,2007,1733404
Albania,2008,2947314
Andorra,2008,83862
Austria,2008,8321496
Belgium,2008,10709973
Bulgaria,2008,7492561
Bosnia and Herzegovina,2008,3754271
Switzerland,2008,7647675
Cyprus,2008,1081563
Czech Republic,2008,10384603
Germany,2008,82110097
Denmark,2008,5493621
Spain,2008,45954106
Estonia,2008,1337090
Finland,2008,5313399
France,2008,64374984
United Kingdom,2008,61806995
Gibraltar,2008,33559
Greece,2008,11077841
Croatia,2008,4309705
Hungary,2008,10038188
Ireland,2008,4489544
Iceland,2008,317414
Italy,2008,58826731
Liechtenstein,2008,35471
Lithuania,2008,3198231
Luxembourg,2008,488650
Latvia,2008,2177322
Monaco,2008,34872
Moldova,2008,3570108
North Macedonia,2008,2067313
Malta,2008,409379
Montenegro,2008,616969
Netherlands,2008,16445593
Norway,2008,4768212
Poland,2008,38125759
Portugal,2008,10558177
Romania,2008,20537875
Serbia,2008,7350222
Slovak Republic,2008,5379233
Slovenia,2008,2021316
Sweden,2008,9219637
Sint Maarten (Dutch part),2008,33964
Ukraine,2008,46258200
Uruguay,2008,3340221
Kosovo,2008,1747383
Albania,2009,2927519
Andorra,2009,84463
Austria,2009,8343323
Belgium,2009,10796493
Bulgaria,2009,7444443
Bosnia and Herzegovina,2009,3735938
Switzerland,2009,7743831
Cyprus,2009,1098083
Czech Republic,2009,10443936
Germany,2009,81902307
Denmark,2009,5523095
Spain,2009,46362946
Estonia,2009,1334515
Finland,2009,5338871
France,2009,64707040
United Kingdom,2009,62276270
Gibraltar,2009,33565
Greece,2009,11107017
Croatia,2009,4305181
Hungary,2009,10022650
Ireland,2009,4535375
Iceland,2009,318499
Italy,2009,59095365
Liechtenstein,2009,35727
Lithuania,2009,3162916
Luxembourg,2009,497783
Latvia,2009,2141669
Monaco,2009,35226
Moldova,2009,3565604
North Macedonia,2009,2069039
Malta,2009,412477
Montenegro,2009,618294
Netherlands,2009,16530388
Norway,2009,4828726
Poland,2009,38151603
Portugal,2009,10568247
Romania,2009,20367487
Serbia,2009,7320807
Slovak Republic,2009,5386406
Slovenia,2009,2039669
Sweden,2009,9298515
Sint Maarten (Dutch part),2009,34238
Ukraine,2009,46053300
Uruguay,2009,3349676
Kosovo,2009,1761474
Albania,2010,2913021
Andorra,2010,84449
Austria,2010,8363404
Belgium,2010,10895586
Bulgaria,2010,7395599
Bosnia and Herzegovina,2010,3705472
Switzerland,2010,7824909
Cyprus,2010,1112612
Czech Republic,2010,10474410
Germany,2010,81776930
Denmark,2010,5547683
Spain,2010,46576897
Estonia,2010,1331475
Finland,2010,5363352
France,2010,65027507
United Kingdom,2010,62766365
Gibraltar,2010,33585
Greece,2010,11121341
Croatia,2010,4295427
Hungary,2010,10000023
Ireland,2010,4560155
Iceland,2010,318041
Italy,2010,59277417
Liechtenstein,2010,35994
Lithuania,2010,3097282
Luxembourg,2010,506953
Latvia,2010,2097555
Monaco,2010,35612
Moldova,2010,3562045
North Macedonia,2010,2070741
Malta,2010,414508
Montenegro,2010,619428
Netherlands,2010,16615394
Norway,2010,4889252
Poland,2010,38042794
Portugal,2010,10573100
Romania,2010,20246871
Serbia,2010,7291436
Slovak Republic,2010,5391428
Slovenia,2010,2048583
Sweden,2010,9378126
Sint Maarten (Dutch part),2010,34056
Ukraine,2010,45870700
Uruguay,2010,3359275
Kosovo,2010,1775680
Albania,2011,2905195
Andorra,2011,83747
Austria,2011,8391643
Belgium,2011,11038264
Bulgaria,2011,7348328
Bosnia and Herzegovina,2011,3661175
Switzerland,2011,7912398
Cyprus,2011,1124833
Czech Republic,2011,10496088
Germany,2011,80274983
Denmark,2011,5570572
Spain,2011,46742697
Estonia,2011,1327439
Finland,2011,5388272
France,2011,65342780
United Kingdom,2011,63258918
Gibraltar,2011,33612
Greece,2011,11104899
Croatia,2011,4280622
Hungary,2011,9971727
Ireland,2011,4580084
Iceland,2011,319014
Italy,2011,59379449
Liechtenstein,2011,36293
Lithuania,2011,3028115
Luxembourg,2011,518347
Latvia,2011,2059709
Monaco,2011,36024
Moldova,2011,3559986
North Macedonia,2011,2072487
Malta,2011,416268
Montenegro,2011,620079
Netherlands,2011,16693074
Norway,2011,4953088
Poland,2011,38063255
Portugal,2011,10557560
Romania,2011,20147528
Serbia,2011,7234099
Slovak Republic,2011,5398384
Slovenia,2011,2052843
Sweden,2011,9449213
Sint Maarten (Dutch part),2011,33435
Ukraine,2011,45706100
Uruguay,2011,3368934
Kosovo,2011,1791000
Albania,2012,2900401
Andorra,2012,82427
Austria,2012,8429991
Belgium,2012,11106932
Bulgaria,2012,7305888
Bosnia and Herzegovina,2012,3604972
Switzerland,2012,7996861
Cyprus,2012,1135046
Czech Republic,2012,10510785
Germany,2012,80425823
Denmark,2012,5591572
Spain,2012,46773055
Estonia,2012,1322696
Finland,2012,5413971
France,2012,65659809
United Kingdom,2012,63700300
Gibraltar,2012,33646
Greece,2012,11045011
Croatia,2012,4267558
Hungary,2012,9920362
Ireland,2012,4599533
Iceland,2012,320716
Italy,2012,59539717
Liechtenstein,2012,36615
Lithuania,2012,2987773
Luxembourg,2012,530946
Latvia,2012,2034319
Monaco,2012,36460
Moldova,2012,3559519
North Macedonia,2012,2074278
Malta,2012,420028
Montenegro,2012,620601
Netherlands,2012,16754962
Norway,2012,5018573
Poland,2012,38063164
Portugal,2012,10514844
Romania,2012,20058035
Serbia,2012,7199077
Slovak Republic,2012,5407579
Slovenia,2012,2057159
Sweden,2012,9519374
Sint Maarten (Dutch part),2012,34640
Ukraine,2012,45593300
Uruguay,2012,3378974
Kosovo,2012,1805200
Albania,2013,2895092
Andorra,2013,80774
Austria,2013,8479823
Belgium,2013,11159407
Bulgaria,2013,7265115
Bosnia and Herzegovina,2013,3542605
Switzerland,2013,8089346
Cyprus,2013,1143866
Czech Republic,2013,10514272
Germany,2013,80645605
Denmark,2013,5614932
Spain,2013,46620045
Estonia,2013,1317997
Finland,2013,5438972
France,2013,65998687
United Kingdom,2013,64128226
Gibraltar,2013,33692
Greece,2013,10965211
Croatia,2013,4255689
Hungary,2013,9893082
Ireland,2013,4623816
Iceland,2013,323764
Italy,2013,60233948
Liechtenstein,2013,36934
Lithuania,2013,2957689
Luxembourg,2013,543360
Latvia,2013,2012647
Monaco,2013,36901
Moldova,2013,3558566
North Macedonia,2013,2076067
Malta,2013,425967
Montenegro,2013,621207
Netherlands,2013,16804432
Norway,2013,5079623
Poland,2013,38040196
Portugal,2013,10457295
Romania,2013,19983693
Serbia,2013,7164132
Slovak Republic,2013,5413393
Slovenia,2013,2059953
Sweden,2013,9600379
Sint Maarten (Dutch part),2013,36607
Ukraine,2013,45489600
Uruguay,2013,3389439
Kosovo,2013,1824100
Albania,2014,2889104
Andorra,2014,79213
Austria,2014,8546356
Belgium,2014,11209057
Bulgaria,2014,7223938
Bosnia and Herzegovina,2014,3482104
Switzerland,2014,8188649
Cyprus,2014,1152285
Czech Republic,2014,10525347
Germany,2014,80982500
Denmark,2014,5643475
Spain,2014,46480882
Estonia,2014,1314545
Finland,2014,5461512
France,2014,66316100
United Kingdom,2014,64613160
Gibraltar,2014,33725
Greece,2014,10892413
Croatia,2014,4238389
Hungary,2014,9866468
Ireland,2014,4657740
Iceland,2014,327386
Italy,2014,60789140
Liechtenstein,2014,37223
Lithuania,2014,2932367
Luxembourg,2014,556319
Latvia,2014,1993782
Monaco,2014,37322
Moldova,2014,3556397
North Macedonia,2014,2077775
Malta,2014,434558
Montenegro,2014,621810
Netherlands,2014,16865008
Norway,2014,5137232
Poland,2014,38011735
Portugal,2014,10401062
Romania,2014,19908979
Serbia,2014,7130576
Slovak Republic,2014,5418649
Slovenia,2014,2061980
Sweden,2014,9696110
Sint Maarten (Dutch part),2014,37685
Ukraine,2014,45271947
Uruguay,2014,3400434
Kosovo,2014,1821800
Albania,2015,2880703
Andorra,2015,78011
Austria,2015,8642699
Belgium,2015,11274196
Bulgaria,2015,7177991
Bosnia and Herzegovina,2015,3429361
Switzerland,2015,8282396
Cyprus,2015,1160985
Czech Republic,2015,10546059
Germany,2015,81686611
Denmark,2015,5683483
Spain,2015,46444832
Estonia,2015,1315407
Finland,2015,5479531
France,2015,66593366
United Kingdom,2015,65128861
Gibraltar,2015,33736
Greece,2015,10820883
Croatia,2015,4203604
Hungary,2015,9843028
Ireland,2015,4701957
Iceland,2015,330815
Italy,2015,60730582
Liechtenstein,2015,37470
Lithuania,2015,2904910
Luxembourg,2015,569604
Latvia,2015,1977527
Monaco,2015,37718
Moldova,2015,3554108
North Macedonia,2015,2079328
Malta,2015,445053
Montenegro,2015,622159
Netherlands,2015,16939923
Norway,2015,5188607
Poland,2015,37986412
Portugal,2015,10358076
Romania,2015,19815481
Serbia,2015,7095383
Slovak Republic,2015,5423801
Slovenia,2015,2063531
Sweden,2015,9799186
Sint Maarten (Dutch part),2015,38825
Ukraine,2015,45154029
Uruguay,2015,3412009
Kosovo,2015,1801800
Albania,2016,2876101
Andorra,2016,77297
Austria,2016,8736668
Belgium,2016,11331422
Bulgaria,2016,7127822
Bosnia and Herzegovina,2016,3386267
Switzerland,2016,8373338
Cyprus,2016,1170187
Czech Republic,2016,10566332
Germany,2016,82348669
Denmark,2016,5728010
Spain,2016,46483569
Estonia,2016,1315790
Finland,2016,5495303
France,2016,66859768
United Kingdom,2016,65595565
Gibraltar,2016,33737
Greece,2016,10775971
Croatia,2016,4174349
Hungary,2016,9814023
Ireland,2016,4755335
Iceland,2016,335439
Italy,2016,60627498
Liechtenstein,2016,37658
Lithuania,2016,2868231
Luxembourg,2016,582014
Latvia,2016,1959537
Monaco,2016,38070
Moldova,2016,3551954
North Macedonia,2016,2080745
Malta,2016,455356
Montenegro,2016,622303
Netherlands,2016,17030314
Norway,2016,5234519
Poland,2016,37970087
Portugal,2016,10325452
Romania,2016,19702332
Serbia,2016,7058322
Slovak Republic,2016,5430798
Slovenia,2016,2065042
Sweden,2016,9923085
Sint Maarten (Dutch part),2016,39969
Ukraine,2016,45004645
Uruguay,2016,3424132
Kosovo,2016,1816200
Albania,2017,2873457
Andorra,2017,77001
Austria,2017,8797566
Belgium,2017,11375158
Bulgaria,2017,7075947
Bosnia and Herzegovina,2017,3351527
Switzerland,2017,8451840
Cyprus,2017,1179680
Czech Republic,2017,10594438
Germany,2017,82657002
Denmark,2017,5764980
Spain,2017,46593236
Estonia,2017,1317384
Finland,2017,5508214
France,2017,66865144
United Kingdom,2017,66058859
Gibraltar,2017,33728
Greece,2017,10754679
Croatia,2017,4124531
Hungary,2017,9787966
Ireland,2017,4807388
Iceland,2017,343400
Italy,2017,60536709
Liechtenstein,2017,37800
Lithuania,2017,2828403
Luxembourg,2017,596336
Latvia,2017,1942248
Monaco,2017,38392
Moldova,2017,3549196
North Macedonia,2017,2081996
Malta,2017,467999
Montenegro,2017,622373
Netherlands,2017,17131296
Norway,2017,5276968
Poland,2017,37974826
Portugal,2017,10300300
Romania,2017,19587491
Serbia,2017,7020858
Slovak Republic,2017,5439232
Slovenia,2017,2066388
Sweden,2017,10057698
Sint Maarten (Dutch part),2017,40574
Ukraine,2017,44831135
Uruguay,2017,3436646
Kosovo,2017,1830700